Post Title,Comment
broken explain make new understand,apologise break forget understand
,
make psychiatrist suicide,big get worse
,agree force happy hard mental ramble sad sorry try understand worse
affect depression,allow ask bother comment commit depression deserve hard important initiate make many say similar standardize unnecessary write
,alter delete discriminate dispose react realize thank understand
,appreciate cater commiserate expect force last make meaningful need obligate online post pussyfoot receive relate respond say sincere start sympathetic usual
cringe depress,aid come dangerous different go guilty helpful keep point posit protect reach regard reply start thank transform turn unpredictable want
,intend thank
,thank
,sorry
go mental,agree ask concern depression direct sure useless
,hard offer paint say understand
exist,able abuse come convince distance get go happen hide long make manipulate mental offer post prey question random rely screen serious sit step sure target tell terrify use vulnerable want work
affect depression,agree become connect easy express helpful relate suppose sure thankful try
realize,apologize see
admit psychiatric,depress
,presume sure
,apologize break
happy,
,agree depression
,boost chat disappoint live new seem sensible worsen
depress live,clarify emotional likely realize state useful
,
depression tire treat,
,appreciate avoid talk understand
,sorry
,agree send understand
,comfortable depress
stick,defend depress depression generalize hard help hinder personalize practice remind supportive
do,
,annoy complicate depression respond suffer train
,assure express get grow many say thank
chronic,deal difficult distress help mental neglect train try
,realize sorry
depression,fail relate
,
,broken confuse fix mention opt prevent understand view wholesome write
,able agree amaze appreciate behave bring compassionate depression hear important know meet see
,harm panic
lose,acquire actual admire advise amaze appear appreciate ashamed ask avoid beautiful become believe busy come complete confess decide dedicate degrade depress depression describe develop different edit embarrass evolve extend figure focus forget forgive freak globalize guide happen happy hard helpful include intelligent interest lack learn listen live long lose lurk make many mention mix nasty offend overpower painful perceive pour pretend proper prove random realize recover regain remember respect sad send similar sorry start stop strong struggle suffer suggest surpass synthesize toxic try unable unlimited useful weak worse write
,agree appreciate continue definite end late many message nasty offend pleasant polite remain reply respond sorry
,sad sensible
,
,able agree busy different genuine hard heavy help honorable important late need online perceive protect rely require say supportive take teach thank train try weigh
,thank
,
,communicate explain word
depress,
,expect thank
sad,suicide
restart,anonymous discourage incapable prescribe sad unwilling
actual,accept concern expect many online
depression,apologize comment delete sure thank try want
,
worse,
,apologize hard include thrive train understand
isolate,apologize ask belittle come dismiss give guilty happen historical inquire similar state struggle trigger
,come follow forget lose many please
consider,ask direct go handle happen study
,imagine miss
,
,
,do enlighten take
,
,ask fix
,avoid disable understand
,
broken,learn listen push remain understand
suppose,
,ask different easy helpful likely point respond
,clear concern depression do edit ensure hard many please post refresh remember suicide understand visible worse
,appreciate dangerous learn make understand worthless
,base contribute happy meaningful new reach reply respond surprise
depress waste,force sad worse
,
isolate pregnant scar sure terrify,
,
shatter understand,follow get
,create
,agree ask depress fuck lurk send
recover,aware early foresee hard make need understand
depress happy,happen sorry
suicide,go make sorry
,go remove
,agree misguide try
sad,depression lurk make sure
,flag know please
reach,happen many
tire,respond
forget,include talk
,forget
,conclude depression discourage end force generalize hear many mental observe personalize say suggest superficial supportive sure try
,able annoy attach complicate convince create depression difficult disrupt get happen imply meet new provide respond sorry suffer supportive talk unrealistic
,ignore new
confront,
,many please remove
,depression helpful resolve sorry
,suicide sure
,appropriate ask clarify explain harmful serious wary
scream tell,able behave bring discourage include know many online
hard,available depend harass please
,avoid important
,
capable happy,hear sorry
eat healthy,hard relate reply respond
depression give,happy
,appreciate click depression happen helpful please proselytize sorry struggle try want
,ask please reply sorry
want,point receive
depression struggle,disable
depress,sorry sure
come,
depress,edit see
,
ruin,mental
,remove see swear
depress,advise avoid chat continue delete develop different encourage indeterminate post specify sure talk understand
,complicate depression discourage end introduce many mental observe supportive try
,aware call emphasize
,apologize broken
intrusive,notify
,cringe many sorry thank
,ask kid long see staff
sad,go
suicide,sorry
,apologize follow
,exchange
,
seem,
,contemplate remember suicide
,odd state
love,
,new prevent
please,depend phrase
ruin,clinical depression hear indicate insincere irk listen many strong
,oppose safe worse
,automate make see slow swear
get help rid similar,depression discourage forget mental
convince suicide,parade supportive
sure,
,
depression,make
sure,
,
treat,
,please
depress,important many thank unnoticed
depression make,agree destructive different honest lurk mental neuropsychiatric uneducated
,believe depression meet start suffer
,depression
afraid,
,depression suffer
,appreciate many unnoticed
,conflate depression destructive different neuropsychiatric uneducated
depression long,believe bring defy depend develop differ do hear meet penal successful treat ugly understand useful
tire,allude get prepare seem
depression do valid,allow please recommend
,encourage involve
bare,hard
drown,
,
unworthy,depression describe destructive different harm mental sure
,
sorry,advise ask aware difficult explicit foster get inform likely remember sexual speak state want write
,droop slink
become happy productive,aware depression direct discourage empathise encourage healthy inappropriate mental new receive seem
,ameliorate claim depression prevent sure untrained
enjoy,
please,ask comparable experience foster likely sexual speak
broken,affect ameliorate claim depress different untrained
,ruminate
,
,
unwanted,able afford alive apply break claw clear deserve diagnose except exhaust flavor form get hear helpful imagine live long many meaningful medicate miss post raise sign spend start suit tire try
,addict asleep daunt depression describe embarrass maximize see sleep suppose tire worse write
,big depression
,broken depress desire expect relate surround
live,arrive daunt deserve miss organize suppose sure wake
,depression experience few intrusive kick miss optimistic realise
depress happy,able agree contact crash depression edit exist expect get hear make mental refer shove slip start
many,edit ping review
depression develop diagnose,depression do include mental search seem
unsure,do
get,cripple discover include make pray slim try
,able ashamed complete do enter excel expensive force get hopeless long love provide reach receive require stick stress suppose tire wonder
,alive off
consider,
depress enjoy,
,eat hard strong
depression overcome,abandon crash happy improve online quit seem struggle tire
depression random,become depress eat happen online recover unavailable use wonder
love,fail happy nag
,happy make wave
stick,disappoint
help,fruitful happy healthy overbear slight stick
,call change click come delete deliver exist get know late make please remind respond similar start strange use
impend,
ruin,fuck hard ignore learn realize try
,exist meaningful tire want
,depression freeze stick
,able depress get sad
,die
tire,become understand
,
fry,
please treat,tire
,
tire,begin react start try
live,despise involve
,actual become happy painful recognize suppose
,avoid big depression get hang hat indoor make mess naive show sorry treat trouble turn
ruin,complete
aware depress,scar
,alive deserve hard irritate seem sorry tire try violent
,remind
tire try,hear make ruin
,financial grateful long sober struggle
,
,hard try
depress,bore get long spend want
,follow harass struggle
depression intend,sad
search supportive,
honest hot,sad
,do hard make worthless
,fall hard
,
disappoint,
,
,accept afford alive ask check cold come comfortable delete destroy direct easy force hop include live look make online participate recall remember start strong try type use
happy,alive fail happen keep live long rid thrive unnatural
,happy seem
,
,accomplish get include realize want waste
disgust,get make violate
,attract flirt long want
consider link mental,apply combine depression frustrate scatter
relate,able communicate daunt depress deserve difficult sorry sure understand
depress get hard realize struggle wake,accept depression extend impair intrusive link rely repeat seem want
lose,consistent depression describe exhibit flip happen intrusive many mental polite see terrify tolerable
,hear
,happy sad
forget,depress kick tire
,assume check refer
,sorry write
convince depress,burst consider dream embarrass get go happen happy identify interest many psychiatrist refer relate shut sure treat understand
numb,able ask depress depression leak say strange suppose
depression,suicide
selfish,corner die express long make overdose prescribe proceed try
depression do,near pass reflect request
,
,happen make
,actual ask helpful look pay prevent sorry suicide
angry sad,make sign
affect depression,sure
,sign
do,affirm ask believe psychiatrist
tire,
,embarrass sign
,big happen hold
depression,make send
,listen say sign
,name psychiatrist
embarrass,decide legal
,
,
depression,ask reasonable seem suicide suppose
,hear
different,allow bring choose dark deal depression deserve gain hear mental pointless sad shun sorry treat understand
,
,legal receive show sign similar state
convince suicide,break hear suicide
mental rob,protect
reject,ask laugh make
,finish
,hop resonate
hear,criticize enforce long mean symbolic understand
,
depression,fall prove recommend say teach use useless
,commit contain give legal
,get try
enjoy,symbolic toothless unite
depression,get invade make remember resent trudge worry
tell,make
,corporate embarrass empathize except fuck hard mental parent remember wipe worse write
disappear,symbolic
uninterested,new psychiatrist suicide worse
haunt,
miss,accept beg bipolar call depression give include many new offer return say see suicide tell
,continue drop know mean prefer protect sue
thankful,happen listen
,likely offend protect psychiatrist sue
resonate,commit enforce suicide
,hold report
tire,different
sober,alive want
devastate,
,make
,
,hear suicide
,commit foresee invent serious sorry suicide
fail,
pour,go suppose
,reconcile responsible
want,
,enforce
,happen protect
,disappear encounter harm legal mental register speak use
,profound respect unexpected
,important rely
,imagine swallow
,call suicide visual write
,mental realize use
,go make protect
,psychiatric suicide
,order sure
,
,long lose
,
,look show
,strong
,sure
,depression drop
,early
,interest
,become grow happen likely live successful
,different
,
,
,difficult
,affect challenge critical depression forget happen hard long many new recall retain retrieve vary
,remember
,depression worsen
,document long lose solidify
,
,badger depression know new recommend search
,explore heal lock random realize remember traumatic trigger unlock
,depression emotional form
,block depression remember
,hard remember
,embarrass
,
,attack likely make worse
,attentive
,
,
,honest
,become sudden
,depression undergo
,big bipolar depress depression forget
,forget forgetful recall say similar tend
,explain forget
,accept address competitive depression diagnose go know make mess recognize say start worse
,able
,destroy
,destroy
,stick
,depress depression forget happen remember sad tell
,
,depression
,describe mental remember write
,get new thank
,ask
,spiral worse
,hard
,beautiful
,
,relax
,devastate diagnose many
,
,
,depression please sorry worse
,
,ask hard new pray
,aware believe depend depression inherit live many navigate please profound recover replace sure tell vary
,beautiful imagine
,decide hear look numb validate
,except numb rely slight want
,learn sure
,breathe cuddle hug unbearable
,
,afraid delete please
,serious
,ask cry move sure work
,difficult numb please
,accompany ask describe prescribe procure
,
,do easy hard say
,harm suicide worse
,scream
,deny frustrate many say use write
,listen sad
,pray
,
,broken depress exhaust financial follow go hard important long lose many please remember seem share short sicken sorry start suffer suicide survive thank try worse
,able breathe cry get recommend relieve selfish stick
,
,thank
,numb thank tire
,
,breathe
,hard seem start struggle use work
,accept appreciate fuck live stop successful try
,decline
,arise assist burn design end expensive frustrate keep move quit realize survive try unhappy want
,get try
,come end last manage many new panic pay proper refuse seem socialize struggle suggest
,become depression fuck hopeless
,cheap
,accept many mental save suffer
,aware depress get give laugh love mature meaningless strong suppose try
,afford include worse
,afford cheap easy go know many remember stick use worthless
,depression manage new
,adjust alive bring chronic die except hopeless likely live psychiatrist require talk try
,artistic easy entrepreneurial get go screw
,blame delay depression handle long numb
,
,check get invite live new tell try use work
,
,accept bring follow hopeless love new pray save seem spend
,agree useless
,break
,break
,
,acknowledge manage struggle thank
,hard
,
,send
,
,suggest
,
,convince live
,love
,
,focus happen realize
,hard
,insensitive
,agree disagree
,depression different mental realize spend suicide
,increase
,
,
,believe change
,alive depression many mental prescribe try vary
,chronic depression effective long prescribe try work
,depend make require
,accommodate become ineffective understand
,depression improve lift
,affect depend different make popular try worse
,helpful
,consult decide help please
,try
,
,
,acclimate answer anticipate believe bite breathe decide do important improve nonexistent offer quit realize ruminate sexual stress
,return work
,stop
,
,
,get live try
,
,exist want
,address ask big carry clinical crucial deep depression describe deserve emotional exist hard honest important involve lighten powerful recognise reflect struggle valid worse
,become depression experience numb wonder
,pour
,consume depression hateful make ruin
,become help
,
,affect depression different meet show vary
,able depress die
,easy sure
,accurate compose depression helpful near overwhelm perceive random sit talk
,tire
,become depression empathize experience inanimate notice sure
,alive hard pour stay
,affect contribute depression regard
,depression spend
,aware become depression
,become hard numb
,insecure selfish
,exhaust nonexistent spend use
,avoid delete worse
,depression dull healthy socialize
,complete depression drift hard manage many sad sorry suffer use
,agree bring contribute develop distance emotional financial help interest join mental new physical stop tire try use
,reciprocate stop tire try
,busy different sit withdraw
,
,different
,dress guilty
,cause depression difficult embrace figure insulate isolate protect selfish spend
,
,able attract comfortable connect disconnect draw emotional entertain hard impressive physical vulnerable
,addictive afraid break depression different endure sorry
,become hard
,learn miss
,delete help
,
,avoid guilty
,break engage sorry
,agree bring isolate
,pleasant please renew residential
,able
,get
,careful
,
,make
,admit available remember trick
,hard many prescribe
,aware believe
,spend
,happy listen
,convenient listen physical tire
,
,do
,happy listen
,
,live many sorry
,please reach sorry undo
,appreciate do
,emotional fulfil great manage mental
,captain happen insist
,enjoy like pointless understand worse
,appreciate
,understand
,depression happy worse
,depress different get important internal move tend
,long remember seem trap
,depression get remember
,become depress depression experience invisible isolate many ostracize
,regretful
,
,easy
,complete help incredible mention overwhelm try want
,thank
,depression live pace
,continue
,uninteresting
,
,
,enjoy move use
,try understand
,sad tire try
,alive ask choose decide depress depression easy encompass entertain exist expect loom mental participate plague promote resonate sorry use want worse
,asleep drain exhaust go happen please pray remember tire understand
,get grateful relate spiral stop talk use
,thank
,
,bring difficult distract evolve happy pay pointless quit realise sorry survive understand
,take
,assume tell thank
,thank
,busy different excel exhaust expect hear join long new physical reward sleep stay terrify
,asleep depression early unable
,ask bring debilitate different distant encourage flee fluctuate long odd swear try understand
,depression
,amaze ask borrow depression expensive experience figure get hard list live look many mental relevant seem similar suffer try understand worse
,continue happy prove
,live please
,please
,choose earn imagine live remember say
,
,able ask depression destroy give long seem suicide wake
,base define
,
,forget
,alive fail finish use
,do write
,complete incredible inspire realize transform
,amaze depress easy happy immerse love many proud say seem sorry start talented treat worthless
,
,
,star
,
,use
,
,complicate happen love overcome sure
,happen
,beautiful
,
,important overcome
,swear write
,
,forgive
,avoid eat reduce
,depression invalidate please
,depression
,sorry
,die mean
,create depression happy new similar sure
,depression
,
,
,allow beautiful broken choose distract heal healthy loose numb recommend try turn uncomfortable
,dominate rebuild
,need say
,hear
,deserve exist hear include owe sorry treat
,thank
,
,sure
,consider dramatize interest mental motivate worthless
,depression get move new pack serious similar
,alive depression
,hard
,abnormal ask decide difficult happy pass prioritize project realise selfish sure try
,add call compare depress evolve likely
,alive alleviate ask beautiful destroy proud write
,write
,thank
,thank
,love strong thank
,ask distract
,asleep comfort hard
,asleep long sure
,productive
,look take watch
,chug deal depression improve try
,
,depend depression live long mental unhappy
,dark deep depress depression do easy help honest mention motivate move please sad seem unable worse
,alive breathe deal depression derive eat except exist fortunate happy hold lose mention prefer use
,explain suggest
,able big build celebrate comprehend gentle happen help linear make prove refute try
,ask bipolar cognitive depression do dress eat engage get hard psychiatrist slow suggest survive wither
,
,force
,affect bring depress difficult please seem serious sure
,agree ask available burn call continue depress depression drain easy eat force go many prepare pull remember responsive show sure take worse
,depress indicate
,depress listen
,ask depress
,convince do expensive fix
,encourage supportive
,accept depression sit
,love many watch
,bring deal eat encourage suicide sure worse
,specialize
,specialize
,
,ask hard
,get
,ask bring depression sit
,change
,belong helpful overcome powerful
,thank
,actual honest imagine mental sit skip understand
,kill sad similar
,exist overpower
,
,
,confident curse different infuriate pleasant
,beautiful sorry spend try
,depend likely
,depression fall
,avoid difficult reduce suppose use
,able consider keep quit residential
,accept admit blame detox follow get happen hard lift love quit recommend sit try unravel
,do easy please say strong use
,deserve similar strong sure
,extend hard manage sober stay
,moderate
,apply thank
,honest similar
,believe keep work
,addict get sorry strong thank
,lose
,new reduce
,able close drink hold meet quit sure withdraw
,owe
,check die early stop
,choose fatal go hook new sure
,hard near proud similar thank try work
,check ramble realise sorry thank use
,appreciate respond thank
,accessible assume describe live sorry
,allow complete forget get lose update work
,able near
,accessible anonymous depend differ many provide sober stay
,able appreciate embarrass thank
,appreciate
,
,
,enjoy
,create heavy
,realize use
,
,depression
,sorry
,
,consider
,miss
,functional
,accept beautiful easy excite exist happy hard immerse live loose make pointless proud realise relate search stop struggle wonder
,please
,
,
,please
,do many try
,happen heal lose new
,
,
,choose
,eat mean
,hard new
,difficult mental sustain
,accept do easy enjoy likely say
,accept hard
,seem
,
,
,accomplish forget waste write
,fail
,
,enjoy
,create discover excite exist likely use
,sorry
,able adjust amaze confident deplete do drain get interact near new
,break flexible fresh hard relax reliable sad work
,sincere
,try
,beautiful become get learn loud pray random seem
,burn ruin scar
,afraid angry believe discover except learn see understand
,please sorry
,interest new
,hard
,concern overwhelm relax spend
,attend connect consider different do make many ruin sure
,accept consistent different discipline easy energetic except happy healthy helpful socialize tasty
,belong fresh physical
,able accompany call capable come confront entitle escalate expect go happy impress legal love new offer peer physical pursue receive restrain sorry strong supportive surprise
,break call important show tell
,thank
,cause difficult many new
,choose depression help live sorry
,happen sorry strong
,thank
,thank
,help
,happen happy keep lose push unbearable wrestle
,pursue tell
,
,
,do easy hard say tire
,early go
,fail try
,
,
,try
,listen
,depression different exact experience happen helpful kill know need protect solve understand use
,depression happen try
,
,hard manage many remember strong
,easy fail many try
,choose
,
,choose strong
,alive
,
,bring continue distract long make
,pursue want
,easy strong
,struggle
,
,amaze make
,get hard
,
,break choose happy live want
,live
,hard please
,
,choose
,cause consider
,happen
,amaze make need stay strong thank
,accept laugh understand
,
,
,
,
,write
,accept laugh remember
,come get happy help late realize start try
,
,alive ask
,endure live
,create pretentious prove understand
,angry choose hard leech oppose want
,get try worse
,
,crush dream happy pray realize relate try want
,avoid depress different dull enjoy functional seem use
,
,incapable many useful
,
,exist fail important learn persevere prove remain respectful tire tolerant try worse
,
,warm
,exist
,believe bully close depression fulfil mind motivate online recur sorry stick sure understand
,
,exist remind
,please realise
,break live try
,depression emotional overcome reach stick
,thank
,
,able many
,breathe distract know
,search
,beg hard live
,admit afraid ask connect create hard hear interact mental online reach realise relieve seem speak struggle try
,believe close fall flicker imagine live relate seem small sorry struggle understand
,different grow hard need new seem try
,beg
,come emphasise long sorry
,get
,experience forget
,apply argue hard help insensitive need small try volunteer want
,hard
,get lose
,hear need thank try
,connect please say thank
,accept different hard love many overcome responsible vary
,comfort depression hard respectful seem
,disprove obligate
,cognitive mix root
,
,behave react respond seem swear worse
,answer clap depression hat know like reflect remember respond say tell typical
,
,
,busy harm
,
,ask break call different engage genuine hard hear logical reasonable
,angry bully creative intense long many owe recommend
,accurate assume cause depression direct dress happen heighten intensify interact judge mean perceive recognize respond say
,comfortable do dwell isolate make sabotage tend thank
,
,hear
,admit fuel insecure wonder
,appreciate depress
,relate
,confuse react respond
,disappear happen listen understand
,believe go make random remember
,relate
,hard
,admit amaze depress get hard hat hateful imply make say supportive want
,isolate
,bully live relate sabotage
,bully live relate sabotage
,genuine rid
,different see sorry take unwanted
,accord amplify cognitive depression disqualify filter mental project
,become relate sorry
,achieve eat help improvise long produce productive release write
,disregard get say see sorry start
,interest post project
,create hard help isolate
,
,
,understand
,
,hard
,explain remind spiral stinky
,sorry
,please
,happen lose
,sure
,keep oversleep
,able change control cultivate deserve disrupt hard important new pop punish regain work
,
,deserve sorry
,
,
,aggressive bare bipolar date depression hard respond scream
,explain
,deserve different fail hard suck
,
,angry commit happy
,
,accommodate angry justify struggle unable
,justify
,treat
,
,
,go
,break
,get mental
,manipulate please speak try unstable
,accuse use
,deserve love unloving
,deserve supportive sure
,sociopathic speak
,
,healthy
,
,scream
,able amaze healthy incorrect lose please sorry unsupportive
,break
,regard
,mental
,fail
,deserve many proud sit suggest tell thin understand
,deserve mental proceed punish reprimand responsible say treat
,new
,breathe long
,
,act complete sorry
,
,abuse depress sorry struggle treat
,believe depression enjoy fail hard imagine mental sorry
,suck
,
,advise concern
,considerate get respond suicide
,comfort contribute depression difficult love mental provide trash worsen
,accuse break deserve exhibit say toxic
,high understand
,
,
,get
,big slurp
,destroy easy fuck make
,break breathe chock swallow
,live
,
,
,act depression diagnose early escape financial give go grow ignore listen love mental spend start supportive try
,contribute depression likely
,strong
,hard
,easy mental please seem toxic try
,apologize calm except explain react recommend understand
,appropriate communicate disrespectful frustrate maintain mental receive say up
,
,
,
,depress
,
,
,
,ask hard meet mental survive
,repeat
,address
,
,
,develop
,
,fail love mental survive vulnerable
,say
,remember say
,baby happen
,diagnose see sure
,live
,
,appropriate baby big cause change earn explain follow give guilty hinder manage many overlook reinforce resemble root take unaddressed understand
,happen
,end grow hear make overreact say
,many
,
,
,
,hear sure
,mental
,do listen long say stop try
,new rid
,clog flush get go hear hot loud
,hard long
,accept angry do redirect
,
,
,happen hear read
,hear long seem sorry
,recover thank worse
,distant hear
,unlucky
,enjoy try
,hear
,
,look stop subside suggest wake worse
,learn remove
,loud
,be choose exhaust hear relax try
,
,careful depress enjoy fail help notice please
,allow appreciate easy embarrass happen important late long misunderstand notice please say sorry sure try
,believe include learn new observe work
,long
,
,
,motivate
,
,depression different important mental understand
,absent become depression detach get make recognize struggle
,late sure
,beautiful deserve genuine please warm
,deserve significant toxic
,accept bright broken downplay hard
,
,ask encourage grow indulge
,easy inadequate include many
,amaze bright
,ask depend depress honest inadequate likely listen speak try understand unhappy
,
,comfort exist likely many suicide
,interest thank
,broken difficult discover make mental please prepare sure want
,achieve amaze beautiful depression difficult dirty go hard joke say strong take
,beautiful long sure try wander
,live proper realize
,hard sad
,become happen show
,capable ruin
,amaze bless expect hard healthy need start
,accept become compare dream focus get happy learn new ruin seem smart worse
,get imagine pray
,compact cure diagnose do near suffer
,depress depression different drain hard helpful realize speak
,articulate consider different expect happen happy hard learn many plan realistic relate resonate ruin see seem sorry struggle successful unhappy
,
,
,base
,able beautiful bring help make sad thank
,cringe platonic realize
,
,
,
,do grow
,please
,achieve communicate decide effective expect happy hear learn maintain reside resonate reward robotic start try
,
,hat
,
,die different get happy make try
,beautiful please strong survive
,become depression easy imagine love suffer try
,
,suicide
,happy hear listen sorry
,
,
,distract interest need
,
,include
,unhelpful
,different get
,hard painful
,convince
,lose sad wear
,
,expensive suicide try
,
,get unsent
,
,forget
,
,do pump
,please
,
,
,
,
,
,live
,live suffer
,
,
,many try
,listen tell
,assure live manage prepare
,depression forget get use
,ask aware depression manage
,become numb
,many
,depress exhaust tell
,ask depression enjoy explain hear hopeless isolate like listen mental realize sorry sure
,depression lose tell visit
,assign comfortable manage mental speak struggle
,accept anonymous avoid believe continue depress desire destroy different discover enjoy exist happen important insult interpret invent invisible make obligate sad stick sufficient suffocate try unaware understand unimportant want
,
,reflect
,hard thank
,
,thank
,oblige
,amaze assume up
,comfortable depression embarrass happen make rough shock socialize write
,
,forgive please
,go grow realise
,overdose
,
,appreciate thank
,able forgive
,get hopeless remember
,grow thank
,sure
,help
,
,
,try
,ditch happen live many odd please shock understand work
,change close comprehend different mind understand
,annoy live
,
,hippocratic sure uphold
,cause
,prescribe psychiatrist say seem
,get
,consult target
,break start thank
,hard hear struggle
,different hard long mental sad sorry suffer surprise
,help live prescribe try
,happy many work
,hard seem
,happy unhappy
,happy unhappy
,depend happy
,do heal hug last many search
,big cuddle deserve hold love sorry want
,hopeless
,boss devote forbid tell
,
,
,become big depression different get healthy mind new toxic turn
,afraid call sad
,make
,
,depress hear speak
,signify tell
,believe make
,ruin
,
,
,improve
,fuck improve ruin try
,
,grow
,acknowledge get
,accept accord fail hear infuriate
,sure
,
,
,
,assume
,depression
,
,biological expire
,explain
,depress hard
,
,
,
,
,pure
,
,enjoy love
,believe deserve happen hard mention sure
,mess
,seem
,
,thank
,base meet
,thank
,change go invest realise seem separate take
,appear continue increase lethargic specialize target understand
,achieve alive
,dishearten do fail internal live relate ruminate seem serious small useless
,
,
,bright different hopeless online ruminate sure thank try unbearable useless worse
,figure likely make seem struggle thank
,believe suppose understand
,
,enjoy speak
,affect afford cognitive depression descriptive different download easy important mental online say seem traumatic
,
,recommend
,financial happy muscular respectable successful turn
,cheat encourage hard marry navigate near ruin tend
,break important love many seem
,become cook experience remind try turn
,add appreciate attract enjoy forget grateful happen improve occupy
,beautiful endure harm sorry
,lose
,able acknowledge change different eat help honest invent make recommend
,change criticize
,angry appropriate cause different linear need operate reveal unearth
,able carry do long mess realise
,different do live occupy remind
,love relate write
,happen lose
,able ask different do foolish frustrate hard recognize recommend say seem shut star understand
,agree break depression difficult hard post sure try
,depress hateful hear live thank
,unfair
,
,depress listen mental stay understand
,ashamed crave extroverted
,cripple depress depression go make manage perceive pop realistic say send speak
,chronic
,avoid depress make
,bounce depress depression fight hard try
,relate
,become demand easy get hard healthy hop learn new require seem start suggest tasty tend trustworthy use write
,relate
,interest
,consider depression distract force lose
,beat become coincide consistent depress depression easy happy hard long strive
,able believe difficult happy love overcome
,soothe
,avoid break unavailable
,emotional exact monetary
,difficult earn enjoy fabricate give happen hard locate seem sure worldly
,continue easy
,connect
,go seem
,
,slow
,able attach aware become call capable close continue convince decide depression enjoy except fend fill fix focus get happen hard heal hop ignore inter late live long look lose make many occur overcome painful paralyze pass prolong promise quit return rid say scar slow sorry suicide thank traumatic uncomfortable undetermined write
,able bright hard heal lose remember similar thank waste
,
,
,throw train uncommon
,add allow become believe belong burn carry depression deserve destroy experience extend get go grieve hateful heal helpful long mental mourn please pull scream start suggest try write yell
,understand
,allow base believe debilitate depress depression difficult enjoy experience reinforce seem sure
,go happy
,provide worse
,
,depress happen happy include new surround toxic
,bless depression sad
,
,
,expensive try
,
,analyze decrease do fulfill generate happen live manage many pessimistic repeat similar solve try
,
,figure hard long start worse
,become believe confuse describe distract edit follow get heal induce live many mental perform remember say shock swear tell use waste
,overwhelm
,articulate do hire know new please research socialize try
,include
,break
,evaluate
,adjust challenge depress depression easy rejoin
,existent get remember say worse
,ashamed become concentrate depress engage get insecure intrusive invade live remember spend start stimulate swear turn wallow waste worse
,
,become change decline fix incapacitate live use
,mental seem
,awake depress help quit sad take
,fixate hard ruminate struggle use worse
,alive go intense make wallow
,deserve do get hard make please realise relate warrant worse
,acknowledge depend do many understand worse
,
,choose live
,beautiful happy many
,honest
,commit online suicide toxic
,busy hard
,live
,blunt
,confuse
,
,do make
,
,
,
,
,
,excite hear
,remember resonate
,become disconnect happy hard
,arbitrary assign
,figure happy hard new seem
,celebrate
,base beautiful fail force happy incomplete reward sure
,
,expect happy hard hesitate sure
,bring choose disappear happy new scar seem stress volunteer
,acceptable allow depress happy
,worthless
,acknowledge celebrate depression entitle exist go inflate worthless
,happy
,celebrate forget happy hard learn suck
,distract happy live
,change guilty happy unfair
,strong sure
,improve
,try
,able admire agree brainwash
,thank
,
,thank
,thank
,happy strong
,help speak use
,ask depress deserve please strong
,
,
,search
,happy thank
,
,remember
,get happy helpful lose new try
,
,sure
,
,
,hear long want whish
,
,ask seem
,alive resent
,afraid bring closet deserve get helpful save say sorry
,closet
,ask commit suicide
,consult piss
,actual ask unsure
,important persuade
,move
,ask break depression
,strong understand
,
,cry go honest hopeless take twist
,
,able depression need shower understand
,hard many sit sorry sure
,force get important
,genuine remember strive unconditional
,depression please
,grant offer sad
,colorless disguise explain insincere insufficient interpret odorless want
,online recommend sorry understand
,ask depend hard require spend understand
,depression
,long similar
,depress depression
,depression describe psychiatrist
,betray depress worthless
,big depress different lurk realise
,write
,big change depress off reject sad
,
,become
,
,follow get happy improve make mess selfish settle trust
,
,continue
,able create deserve different easy listen react recommend sit start
,
,
,despise understand
,big kiss realize turn
,
,new
,
,develop fail
,
,inexperienced
,sure
,easy figure get interest
,receive
,mean
,expect happen
,
,ashamed depress dream love new punish sad seem selfish shut suffer
,
,different learn new want
,remind
,please speak
,change correct difficult exhaust form harmful harmonize healthy improve interact miss physical reconcile replace useful
,avoid exist want
,
,
,busy divorce happen see
,communicate explain fuck hear relate serious take
,thank try
,consider sure understand usual
,direct sad seem
,ask experience get go similar thankful try
,appreciate change happen say send
,disappear menstrual serious
,angry random
,defend disagree happy hat hear indecisive live recognize sit
,new recommend run
,happy impact involve
,different drop stop unhappy unmotivated word worse
,connect depression many sure
,deserve ignore listen please
,fatal happen live promise prove
,capable strong
,easy live preventable prove tend typical want
,commit happen scar suicide
,include stick
,
,get happen many optimistic say
,
,
,expensive
,please suppose
,depression hear sorry
,
,accord appear suck worldly
,
,capable
,distract try
,get go hard honest love save say work
,sorry worse
,depression distract
,important try
,hard
,depression forbid get happen listen pure realize require seek stay suicide want
,hard sure
,
,useless
,sorry useful
,admit happen tire worse
,able understand valid
,correct
,deserve go prevent sorry
,proud try turn
,hard
,abandon embarrass send use
,force open roll slow thank
,
,strange
,change different physical
,
,change describe intense last
,interest
,fart helpful remember remind watch
,able cripple decide destructive important love perceive proud recognize say tell unaware understand
,thank
,big care consider continue depression get grateful list live manage obligate please secure suffer teach watch
,appear out
,
,begrudge grow hard live
,similar
,care forget sure uncomfortable
,make uncomfortable
,make uncomfortable
,breathe explain go hard make uncomfortable
,appreciate ask sober tell
,depend recommend respond
,reply
,
,keep move
,easy hard hire save
,
,
,experience happen sorry
,able different get sorry
,hard
,happy take want
,enjoy imagine many relate see transition
,become
,happy
,focus
,depress spend
,new open slow start waste
,buy expensive order sure wear
,bipolar charge depress new online pay treat
,
,outward
,
,spend
,
,send yell
,
,resist
,allow bare guilty hard surround
,
,easy happen happy new selfless struggle worry
,search
,depress try
,appreciate
,afraid complain depression deserve distort easy hide react reverse tell thankful worry
,difficult distract enjoy force lose new worse
,bring come healthy listen mental overwhelm proud understand unhealthy
,
,channel live relieve
,hard
,live
,avoid stick
,
,able pay survive
,depression suck traumatize
,become fascinate sad
,depress
,move take
,flatter make
,aware base compel consistent effective hop long promise qualify significant suggest treat
,helpful long worse
,depression
,help
,depend
,disconnect dissociate space unable understand
,helpful
,addictive advise
,forget long try
,create easy enjoy forget happy improve laugh many mental spend try utilise
,
,become big complicate incomprehensible overwhelm sit tend try valid
,relate
,
,relate sorry
,able bring many monetary
,fail figure graduate mess seem successful suck want
,believe change follow recommend
,depression get pray scar slit
,figure graduate hear sit
,stick
,acknowledge great hear learn remember sorry
,brine destroy eat gain go kayak use
,many mental physical replace
,weigh
,believe big complete raise realize shock talk
,exist realistic remember understand
,aware easy happy
,acknowledge grateful strong understand
,correlate depression destroy indicate mental suicide understand write
,
,accumulate
,
,become depression describe mental sympathize
,
,aware painful shut
,call
,hard new
,relate
,able appreciate thank
,achieve agonise aware monumental pointless
,
,worse
,intelligent many say
,explore learn long try
,happy understand
,new
,aware exist learn new
,consider move worse
,aware
,
,create happy try
,
,
,helpful
,battle difficult easy sorry try
,
,catch exist
,abound direct fail originate seem
,listen please seem tire
,
,afford happy hear numb sorry successful
,fall
,
,choose depression get hard live meaningful shut wonder
,long
,foreign happy seem stick
,
,hard
,
,easy fail land many suffer
,hard relate tire try
,
,depression
,able adjust believe cause continue depression handle imagine live obvious proper start worse write
,easy hard mental take
,eat productive relate say
,address ask assume believe clean decide deserve go happen happy hard hear proud understand unsay
,become come pray say tell thank try understand
,
,
,appreciate unsure
,please
,live
,depression enhance fake perceive suffer use view
,blame different fail love loyal sure unlucky use
,celebrate
,come seem
,
,listen
,
,
,sad
,
,
,able angry believe change come describe die different get hard hat hospitalize keep live long manage mental psychiatrist quit realize remind return start stop sure take treat try understand want
,believe
,create different realise thank understand
,difficult forget hear mention post sorry
,ask dream hard long scar uncertain
,alive compare depression make scar serious
,seem
,
,deserve remind toxic
,hard relate
,big depression fail laugh lock struggle unloved use want
,big surround understand
,break worse
,waste
,take
,ask become invisible make spend sure
,empty happy suppose
,depress depression suffer understand
,big depression many mental promise
,
,erase
,
,cripple depression medicate spend take worse
,come happy hard toxic try unaware
,agree happy ruin say
,hibernate keep pass stop sure
,fuck happy mental resent
,
,make online spend start stay use worse
,cook cry wake
,achieve ask break create decorate excite heal keep many mumble understand wish
,deserve enjoy remember sorry
,depression exclude spend
,grateful seem send spend
,
,relate
,become celebrate difficult fall hard manage pass sure swear want
,chronic grow hard love new significant
,decorate die easy enjoy prepare raise realise use wrap
,bring decorate depress hard remember
,
,afford big use
,new
,
,choose different distant know relate
,exact
,hear sorry
,broken hear sorry
,
,
,grateful please
,add believe chronic deal different expect sorry sure
,
,ask break clean decide deject do ignore make many odd remain share stop teach
,post
,
,deserve take unable
,intense please pure similar
,ask come different experience explode get internal isolate pursue relate similar
,believe desert excite forget get happy listen make mean realize sure
,appear ask eat suffer
,adopt happy hat late supportive try
,depress long
,breathe fail fuck get graduate happen hopeless miss postpone seem spend take
,assume improve
,make remind
,late
,fail get
,please
,base difficult online recommend test try
,collect crush depress depression difficult fake get happen hard important live overreact search struggle sure tell try
,get
,erase hard recover tear
,correct depress label thank
,accurate atypical bipolar call complicate depress depression label search sorry try
,depression disgust numb struggle surround
,happy similar worse
,
,peaceful struggle try
,believe happen know pray
,
,thank
,able aware emotional profound
,execute relate
,
,depression forget frustrate
,go happy seem strong sure
,reassure say sure
,thank
,hard mental physical seem try useful
,
,accept fail gift go happy know please recommend socialize strong try
,explore get
,egoistic experience happy online
,convince depression explore hear prevent sorry try
,
,agree depend happen sit
,accept befriend depend deserve live long socialize strong survive understand
,painful
,understand
,live
,accept
,become expect happen scar
,beautiful happy inflict relate understand
,thank
,go sure
,popular suppose tire
,
,addict love work
,depress numb
,prescribe
,slow
,
,grow long seem worry
,frustrate go important remind skip sure
,disturb disturbing
,
,
,depression form lose seem
,sad
,
,convince
,
,
,mental relate waste
,depression survive
,decide depression forget
,
,
,die
,embarrass happen remind
,clear depression recognize warp
,bring meaningful waste
,base depression emotional expect happy mental neurological nurture physical research
,
,blur clear create depression describe distort engage experience improve link mental navigate provide seem underlie valid
,end fast see spend worse
,attempt depress go say struggle worse
,
,appear depression slow
,remember
,
,move slow
,agree
,depend depression dilate explain grow long remember
,become determine need try
,sorry
,
,
,
,believe contact depression different educate extroverted hard heavy kick like mention need realize sit start sustain try waste
,attractive happy
,challenge get hard new overwhelm relate
,destine
,become befriend confident consider easy important many surprise
,talk
,hear
,asleep decide difficult hard please respond
,get passable push random write
,write
,beautiful call do important need random sound
,alive embarrass get hold pronounce run scream
,ask
,break call get sorry try
,bring convince demolish do get late recommend represent show
,
,get
,call get go random remember similar
,make need proud worry
,able incase understand
,express healthy hear release suppose try
,
,avoid
,burn
,embarrass make thank
,hear sorry thank
,help
,call imagine
,
,embarrass sure
,happen hear sure
,hear pull thank worry
,
,able bring call expect hear make sure
,hear make random realize sorry
,sure
,
,
,break bring decimate long violate
,
,thank
,
,learn live
,exact
,
,depress depression want
,
,
,
,
,depression get
,bless
,
,prepare suicide
,
,happy
,opt
,pointless
,
,ask attempt many tell understand use
,peaceful
,exist happy
,do
,many strong
,name
,create
,overwhelm
,ask
,
,
,expect follow selfish
,seem selfish
,
,depression say try understand
,
,
,
,new take
,listen powerful
,sorry
,become believe bring change deliver depress do dread get happy help hone pursue send starve try want wish
,base break depress depression interest seem similar
,eat enjoy envelop flaw forget healthy imagine live miss train wonder
,broken consider depress hear lose please sorry struggle
,
,appear connect master meaningful
,comment different
,continue long pray take
,know save understand write
,depress
,continue dignify happen live pray seem
,
,pray worse
,adapt allocate base become broken coherent describe difficult fear memorise mental neurological notice practice return seem significant speak stabilise stop weak write
,atrophy crucial exclude kill narrow spike sure worse
,accurate adapt imagine judge lose mental recover regain repair responsible strong suffer understand
,relate sorry
,bomb confident expect hire interview involve mess present relax require sorry start struggle use
,bipolar diagnose happen hard interview start turn use
,love please strong
,depression different many understand
,able bright call complete effective get give grateful make recommend
,depress depression eat go long mild
,achieve compliment forget help improve initiate mention reduce satiate sorry suggest
,border
,bounce drop give mechanical sure
,appreciate dabble dangerous get masturbate new recommend solve toss unhealthy
,relate
,attend depression force manage owe persist rob struggle survive understand
,depression hard maintain make rely
,cause change different enjoy envy excite get go grow interest like reserve spend try unrealistic want worthless
,agree happy mental
,angry beautiful exhaust rid sorry
,
,throw write
,
,strong
,catch lose sad
,ashamed attractive break compare deform describe go live long resonate seem small socialize suppose take tire try useless wonder
,become depress depression make manage
,change distribute live suppress understand
,
,
,
,agree
,unhappy
,need protect sad
,
,
,convince different dismiss employ hear listen offer sorry sure tell try
,evolve excite grow lose
,big protect realistic scar
,available sure
,beautiful continue move relate ruminate
,thank
,thank
,able go grow important long use
,thank
,decide mental
,adjust ask base comfortable different grow happy honest learn new passionate sabotage scar succeed
,crash fail grow happen learn pay quit
,build ingrain
,
,fail say
,alive clinical depress depression fade relate want
,depress sorry
,overreact psychiatrist sabotage tell
,fail
,sorry
,accept
,
,fail
,depress understand
,achieve
,
,happy honest say similar
,fail prove
,
,ask fail
,mess thank
,hard quit
,
,discover
,
,eat get long scroll
,except
,depression fill
,hard strange struggle
,bring depression different long thrive
,able seem
,
,
,depression get struggle
,
,able beautiful do excite explore new suck sure
,exist hard
,confirm disappoint drop excite fail involve many try understand
,ask athletic fail long lose loud remind slow take
,beautiful depression haunt rob
,
,die different live relate similar
,afford alive depress imagine live remind trap
,depression relate
,
,
,
,crave scar search
,capable get make
,abort exist happy imagine
,ask comment exact grow happen rot slow trap try
,assume busy easy invisible spend try
,able believe bring hard sure thankful understand
,spend useless worse
,thankful
,sorry
,hard
,assume false please worse
,create happy love new
,
,sure
,experience
,
,depression hard push use
,recover resist strong throw understand
,follow
,comfortable
,sober
,
,decide spend
,able easy relieve try
,attempt easy exact happen prepare remember speak thank
,ask die difficult make similar speak
,able beautiful choose continue define different do grow happy hard heal intrusive learn live many mental new sure try
,bring exist meaningful tire understand
,
,alive imagine physical realize remain respond
,beat bury hear sorry weak
,
,avoid contact heal manipulate mess recommend sure
,
,allow improve seem sorry throw
,depression helpful make mild use
,worthless
,gift
,claw early pray scratch sit throw
,able alive deteriorate force happen try
,accept agree compatible deal fail prove realize regurgitate seem slow tire try
,confuse different seem
,live
,asleep sorry spend
,fail succeed
,afford determine employ expect lose
,achieve enjoy live please remember try want
,relate
,smother
,able believe depression easy grow overcome
,rely strong
,blow calculate difficult do get improve take threaten try
,believe live relate ugly
,write
,
,exist painful want
,relate
,drown earn give new
,different
,
,enjoy lose
,
,implicate loud realize
,productive worthless
,
,agree measure subjective
,
,enjoy utter
,
,convince meaningless neural reproduce survive
,abuse believe choose continue decide happy sorry understand
,depress dry
,biological call develop innate live meaningless perceive program purposeless reproduce suffer survive
,base choose convince deconstruct depress depression deserve different easy emotional get identify make mental prepare pure reflect relate shut strike try write
,easy program sad settle survive traumatize
,able alive early exist fascinate realize seem sure
,able base big complete endure exist live look lose program prove pure sad seem selfish stick suffer throw traumatize ugly utter worthless
,alive build come determine expect fall forget get high listen make new painful prove rebuild refuse slip smart strong survive throw unstoppable work
,able thank understand
,add long succumb
,long tend
